"Step","MIFL - test_acc3","MIFL - test_acc3__MIN","MIFL - test_acc3__MAX","Missing-modal FedAvg - test_acc3","Missing-modal FedAvg - test_acc3__MIN","Missing-modal FedAvg - test_acc3__MAX","FedMSplit - test_acc3","FedMSplit - test_acc3__MIN","FedMSplit - test_acc3__MAX","FedAvg - test_acc3","FedAvg - test_acc3__MIN","FedAvg - test_acc3__MAX"
"0","0.2","0.2","0.2","0.19419924337957126","0.19419924337957126","0.19419924337957126","0.194","0.194","0.194","0.232","0.232","0.232"
"1","0.22","0.22","0.22","0.21059268600252207","0.21059268600252207","0.21059268600252207","0.172","0.172","0.172","0.202","0.202","0.202"
"2","0.254","0.254","0.254","0.21311475409836064","0.21311475409836064","0.21311475409836064","0.23","0.23","0.23","0.212","0.212","0.212"
"3","0.4","0.4","0.4","0.3253467843631778","0.3253467843631778","0.3253467843631778","0.264","0.264","0.264","0.214","0.214","0.214"
"4","0.354","0.354","0.354","0.4274905422446406","0.4274905422446406","0.4274905422446406","0.398","0.398","0.398","0.3","0.3","0.3"
"5","0.52","0.52","0.52","0.46532156368221944","0.46532156368221944","0.46532156368221944","0.398","0.398","0.398","0.338","0.338","0.338"
"6","0.55","0.55","0.55","0.467843631778058","0.467843631778058","0.467843631778058","0.458","0.458","0.458","0.302","0.302","0.302"
"7","0.508","0.508","0.508","0.4968474148802018","0.4968474148802018","0.4968474148802018","0.506","0.506","0.506","0.342","0.342","0.342"
"8","0.574","0.574","0.574","0.5573770491803278","0.5573770491803278","0.5573770491803278","0.502","0.502","0.502","0.288","0.288","0.288"
"9","0.49","0.49","0.49","0.6166456494325346","0.6166456494325346","0.6166456494325346","0.54","0.54","0.54","0.36","0.36","0.36"
"10","0.57","0.57","0.57","0.6494325346784363","0.6494325346784363","0.6494325346784363","0.552","0.552","0.552","0.36","0.36","0.36"
"11","0.618","0.618","0.618","0.6670870113493065","0.6670870113493065","0.6670870113493065","0.578","0.578","0.578","0.446","0.446","0.446"
"12","0.508","0.508","0.508","0.6557377049180327","0.6557377049180327","0.6557377049180327","0.502","0.502","0.502","0.458","0.458","0.458"
"13","0.584","0.584","0.584","0.6254728877679697","0.6254728877679697","0.6254728877679697","0.574","0.574","0.574","0.452","0.452","0.452"
"14","0.65","0.65","0.65","0.6960907944514502","0.6960907944514502","0.6960907944514502","0.622","0.622","0.622","0.466","0.466","0.466"
"15","0.67","0.67","0.67","0.6885245901639344","0.6885245901639344","0.6885245901639344","0.606","0.606","0.606","0.428","0.428","0.428"
"16","0.554","0.554","0.554","0.699873896595208","0.699873896595208","0.699873896595208","0.588","0.588","0.588","0.396","0.396","0.396"
"17","0.65","0.65","0.65","0.6721311475409836","0.6721311475409836","0.6721311475409836","0.59","0.59","0.59","0.422","0.422","0.422"
"18","0.65","0.65","0.65","0.6897856242118537","0.6897856242118537","0.6897856242118537","0.594","0.594","0.594","0.418","0.418","0.418"
"19","0.686","0.686","0.686","0.725094577553594","0.725094577553594","0.725094577553594","0.624","0.624","0.624","0.4","0.4","0.4"
"20","0.484","0.484","0.484","0.7200504413619168","0.7200504413619168","0.7200504413619168","0.586","0.586","0.586","0.428","0.428","0.428"
"21","0.568","0.568","0.568","0.7162673392181589","0.7162673392181589","0.7162673392181589","0.598","0.598","0.598","0.48","0.48","0.48"
"22","0.66","0.66","0.66","0.7402269861286255","0.7402269861286255","0.7402269861286255","0.632","0.632","0.632","0.442","0.442","0.442"
"23","0.696","0.696","0.696","0.7238335435056746","0.7238335435056746","0.7238335435056746","0.644","0.644","0.644","0.45","0.45","0.45"
"24","0.706","0.706","0.706","0.7288776796973518","0.7288776796973518","0.7288776796973518","0.62","0.62","0.62","0.448","0.448","0.448"
"25","0.72","0.72","0.72","0.7137452711223203","0.7137452711223203","0.7137452711223203","0.61","0.61","0.61","0.444","0.444","0.444"
"26","0.7","0.7","0.7","0.7238335435056746","0.7238335435056746","0.7238335435056746","0.612","0.612","0.612","0.43","0.43","0.43"
"27","0.652","0.652","0.652","0.7389659520807061","0.7389659520807061","0.7389659520807061","0.642","0.642","0.642","0.43","0.43","0.43"
"28","0.68","0.68","0.68","0.7364438839848676","0.7364438839848676","0.7364438839848676","0.62","0.62","0.62","0.402","0.402","0.402"
"29","0.662","0.662","0.662","0.7326607818411097","0.7326607818411097","0.7326607818411097","0.622","0.622","0.622","0.444","0.444","0.444"
"30","0.712","0.712","0.712","0.7351828499369483","0.7351828499369483","0.7351828499369483","0.636","0.636","0.636","0.476","0.476","0.476"
"31","0.716","0.716","0.716","0.7351828499369483","0.7351828499369483","0.7351828499369483","0.634","0.634","0.634","0.476","0.476","0.476"
"32","0.708","0.708","0.708","0.7540983606557377","0.7540983606557377","0.7540983606557377","0.63","0.63","0.63","0.454","0.454","0.454"
"33","0.658","0.658","0.658","0.7389659520807061","0.7389659520807061","0.7389659520807061","0.594","0.594","0.594","0.464","0.464","0.464"
"34","0.716","0.716","0.716","0.7326607818411097","0.7326607818411097","0.7326607818411097","0.626","0.626","0.626","0.446","0.446","0.446"
"35","0.72","0.72","0.72","0.7528373266078184","0.7528373266078184","0.7528373266078184","0.628","0.628","0.628","0.446","0.446","0.446"
"36","0.734","0.734","0.734","0.7477931904161412","0.7477931904161412","0.7477931904161412","0.636","0.636","0.636","0.448","0.448","0.448"
"37","0.708","0.708","0.708","0.7641866330390921","0.7641866330390921","0.7641866330390921","0.654","0.654","0.654","0.434","0.434","0.434"
"38","0.742","0.742","0.742","0.7604035308953342","0.7604035308953342","0.7604035308953342","0.66","0.66","0.66","0.438","0.438","0.438"
"39","0.724","0.724","0.724","0.7528373266078184","0.7528373266078184","0.7528373266078184","0.624","0.624","0.624","0.436","0.436","0.436"
"40","0.704","0.704","0.704","0.7490542244640606","0.7490542244640606","0.7490542244640606","0.656","0.656","0.656","0.474","0.474","0.474"
"41","0.718","0.718","0.718","0.7515762925598991","0.7515762925598991","0.7515762925598991","0.618","0.618","0.618","0.474","0.474","0.474"
"42","0.716","0.716","0.716","0.7566204287515763","0.7566204287515763","0.7566204287515763","0.662","0.662","0.662","0.488","0.488","0.488"
"43","0.714","0.714","0.714","0.7440100882723834","0.7440100882723834","0.7440100882723834","0.628","0.628","0.628","0.474","0.474","0.474"
"44","0.732","0.732","0.732","0.7503152585119798","0.7503152585119798","0.7503152585119798","0.652","0.652","0.652","0.474","0.474","0.474"
"45","0.7","0.7","0.7","0.7503152585119798","0.7503152585119798","0.7503152585119798","0.662","0.662","0.662","0.476","0.476","0.476"
"46","0.724","0.724","0.724","0.7490542244640606","0.7490542244640606","0.7490542244640606","0.646","0.646","0.646","0.466","0.466","0.466"
"47","0.734","0.734","0.734","0.7604035308953342","0.7604035308953342","0.7604035308953342","0.666","0.666","0.666","0.43","0.43","0.43"
"48","0.74","0.74","0.74","0.7566204287515763","0.7566204287515763","0.7566204287515763","0.632","0.632","0.632","0.472","0.472","0.472"
"49","0.7","0.7","0.7","0.7629255989911727","0.7629255989911727","0.7629255989911727","0.604","0.604","0.604","0.418","0.418","0.418"
"50","0.696","0.696","0.696","0.7591424968474149","0.7591424968474149","0.7591424968474149","0.654","0.654","0.654","0.438","0.438","0.438"
"51","0.746","0.746","0.746","0.7616645649432535","0.7616645649432535","0.7616645649432535","0.66","0.66","0.66","0.45","0.45","0.45"
"52","0.764","0.764","0.764","0.7515762925598991","0.7515762925598991","0.7515762925598991","0.682","0.682","0.682","0.434","0.434","0.434"
"53","0.742","0.742","0.742","0.7629255989911727","0.7629255989911727","0.7629255989911727","0.634","0.634","0.634","0.436","0.436","0.436"
"54","0.734","0.734","0.734","0.7578814627994955","0.7578814627994955","0.7578814627994955","0.644","0.644","0.644","0.45","0.45","0.45"
"55","0.766","0.766","0.766","0.7528373266078184","0.7528373266078184","0.7528373266078184","0.642","0.642","0.642","0.452","0.452","0.452"
"56","0.68","0.68","0.68","0.7477931904161412","0.7477931904161412","0.7477931904161412","0.686","0.686","0.686","0.434","0.434","0.434"
"57","0.73","0.73","0.73","0.7578814627994955","0.7578814627994955","0.7578814627994955","0.63","0.63","0.63","0.402","0.402","0.402"
"58","0.742","0.742","0.742","0.7654476670870114","0.7654476670870114","0.7654476670870114","0.62","0.62","0.62","0.436","0.436","0.436"
"59","0.746","0.746","0.746","0.7730138713745272","0.7730138713745272","0.7730138713745272","0.646","0.646","0.646","0.434","0.434","0.434"
"60","0.742","0.742","0.742","0.7591424968474149","0.7591424968474149","0.7591424968474149","0.666","0.666","0.666","0.434","0.434","0.434"
"61","0.718","0.718","0.718","0.7465321563682219","0.7465321563682219","0.7465321563682219","0.628","0.628","0.628","0.44","0.44","0.44"
"62","0.734","0.734","0.734","0.7503152585119798","0.7503152585119798","0.7503152585119798","0.658","0.658","0.658","0.454","0.454","0.454"
"63","0.706","0.706","0.706","0.755359394703657","0.755359394703657","0.755359394703657","0.614","0.614","0.614","0.44","0.44","0.44"
"64","0.75","0.75","0.75","0.7654476670870114","0.7654476670870114","0.7654476670870114","0.632","0.632","0.632","0.42","0.42","0.42"
"65","0.746","0.746","0.746","0.7503152585119798","0.7503152585119798","0.7503152585119798","0.66","0.66","0.66","0.428","0.428","0.428"
"66","0.756","0.756","0.756","0.7667087011349306","0.7667087011349306","0.7667087011349306","0.668","0.668","0.668","0.45","0.45","0.45"
"67","0.74","0.74","0.74","0.7452711223203027","0.7452711223203027","0.7452711223203027","0.632","0.632","0.632","0.464","0.464","0.464"
"68","0.746","0.746","0.746","0.7591424968474149","0.7591424968474149","0.7591424968474149","0.654","0.654","0.654","0.478","0.478","0.478"
"69","0.752","0.752","0.752","0.7679697351828499","0.7679697351828499","0.7679697351828499","0.626","0.626","0.626","0.428","0.428","0.428"
"70","0.738","0.738","0.738","0.7591424968474149","0.7591424968474149","0.7591424968474149","0.656","0.656","0.656","0.434","0.434","0.434"
"71","0.772","0.772","0.772","0.7730138713745272","0.7730138713745272","0.7730138713745272","0.648","0.648","0.648","0.42","0.42","0.42"
"72","0.754","0.754","0.754","0.7616645649432535","0.7616645649432535","0.7616645649432535","0.622","0.622","0.622","0.458","0.458","0.458"
"73","0.746","0.746","0.746","0.7591424968474149","0.7591424968474149","0.7591424968474149","0.638","0.638","0.638","0.414","0.414","0.414"
"74","0.764","0.764","0.764","0.7515762925598991","0.7515762925598991","0.7515762925598991","0.664","0.664","0.664","0.42","0.42","0.42"
"75","0.758","0.758","0.758","0.7831021437578815","0.7831021437578815","0.7831021437578815","0.662","0.662","0.662","0.412","0.412","0.412"
"76","0.758","0.758","0.758","0.7591424968474149","0.7591424968474149","0.7591424968474149","0.62","0.62","0.62","0.438","0.438","0.438"
"77","0.746","0.746","0.746","0.7616645649432535","0.7616645649432535","0.7616645649432535","0.664","0.664","0.664","0.442","0.442","0.442"
"78","0.744","0.744","0.744","0.776796973518285","0.776796973518285","0.776796973518285","0.636","0.636","0.636","0.438","0.438","0.438"
"79","0.764","0.764","0.764","0.7742749054224464","0.7742749054224464","0.7742749054224464","0.612","0.612","0.612","0.438","0.438","0.438"
"80","0.742","0.742","0.742","0.7616645649432535","0.7616645649432535","0.7616645649432535","0.662","0.662","0.662","0.442","0.442","0.442"
"81","0.762","0.762","0.762","0.7566204287515763","0.7566204287515763","0.7566204287515763","0.628","0.628","0.628","0.44","0.44","0.44"
"82","0.75","0.75","0.75","0.755359394703657","0.755359394703657","0.755359394703657","0.632","0.632","0.632","0.442","0.442","0.442"
"83","0.2","0.2","0.2","0.7843631778058008","0.7843631778058008","0.7843631778058008","0.65","0.65","0.65","0.466","0.466","0.466"
"84","0.748","0.748","0.748","0.7894073139974779","0.7894073139974779","0.7894073139974779","0.624","0.624","0.624","0.458","0.458","0.458"
"85","0.738","0.738","0.738","0.7566204287515763","0.7566204287515763","0.7566204287515763","0.638","0.638","0.638","0.452","0.452","0.452"
"86","0.742","0.742","0.742","0.7717528373266078","0.7717528373266078","0.7717528373266078","0.648","0.648","0.648","0.416","0.416","0.416"
"87","0.756","0.756","0.756","0.7629255989911727","0.7629255989911727","0.7629255989911727","0.668","0.668","0.668","0.42","0.42","0.42"
"88","0.756","0.756","0.756","0.7679697351828499","0.7679697351828499","0.7679697351828499","0.634","0.634","0.634","0.422","0.422","0.422"
"89","0.756","0.756","0.756","0.7679697351828499","0.7679697351828499","0.7679697351828499","0.642","0.642","0.642","0.462","0.462","0.462"
"90","0.754","0.754","0.754","0.7843631778058008","0.7843631778058008","0.7843631778058008","0.658","0.658","0.658","0.46","0.46","0.46"
"91","0.762","0.762","0.762","0.7704918032786885","0.7704918032786885","0.7704918032786885","0.648","0.648","0.648","0.428","0.428","0.428"
"92","0.756","0.756","0.756","0.7667087011349306","0.7667087011349306","0.7667087011349306","0.646","0.646","0.646","0.434","0.434","0.434"
"93","0.764","0.764","0.764","0.7654476670870114","0.7654476670870114","0.7654476670870114","0.64","0.64","0.64","0.444","0.444","0.444"
"94","0.734","0.734","0.734","0.7831021437578815","0.7831021437578815","0.7831021437578815","0.648","0.648","0.648","0.436","0.436","0.436"
"95","0.734","0.734","0.734","0.7641866330390921","0.7641866330390921","0.7641866330390921","0.632","0.632","0.632","0.434","0.434","0.434"
"96","0.744","0.744","0.744","0.7894073139974779","0.7894073139974779","0.7894073139974779","0.62","0.62","0.62","0.444","0.444","0.444"
"97","0.732","0.732","0.732","0.7755359394703657","0.7755359394703657","0.7755359394703657","0.636","0.636","0.636","0.436","0.436","0.436"
"98","0.742","0.742","0.742","0.7654476670870114","0.7654476670870114","0.7654476670870114","0.638","0.638","0.638","0.44","0.44","0.44"
"99","0.754","0.754","0.754","0.7679697351828499","0.7679697351828499","0.7679697351828499","0.65","0.65","0.65","0.424","0.424","0.424"
"100","0.76","0.76","0.76","0.7831021437578815","0.7831021437578815","0.7831021437578815","0.64","0.64","0.64","0.452","0.452","0.452"
"101","0.762","0.762","0.762","0.7906683480453972","0.7906683480453972","0.7906683480453972","0.654","0.654","0.654","0.442","0.442","0.442"
"102","0.74","0.74","0.74","0.7831021437578815","0.7831021437578815","0.7831021437578815","0.67","0.67","0.67","0.448","0.448","0.448"
"103","0.76","0.76","0.76","0.7881462799495587","0.7881462799495587","0.7881462799495587","0.658","0.658","0.658","0.434","0.434","0.434"
"104","0.76","0.76","0.76","0.7793190416141236","0.7793190416141236","0.7793190416141236","0.68","0.68","0.68","0.416","0.416","0.416"
"105","0.73","0.73","0.73","0.7616645649432535","0.7616645649432535","0.7616645649432535","0.64","0.64","0.64","0.418","0.418","0.418"
"106","0.708","0.708","0.708","0.7604035308953342","0.7604035308953342","0.7604035308953342","0.638","0.638","0.638","0.43","0.43","0.43"
"107","0.75","0.75","0.75","0.7629255989911727","0.7629255989911727","0.7629255989911727","0.634","0.634","0.634","0.428","0.428","0.428"
"108","0.76","0.76","0.76","0.7730138713745272","0.7730138713745272","0.7730138713745272","0.644","0.644","0.644","0.444","0.444","0.444"
"109","0.758","0.758","0.758","0.7692307692307693","0.7692307692307693","0.7692307692307693","0.632","0.632","0.632","0.434","0.434","0.434"
"110","0.766","0.766","0.766","0.7894073139974779","0.7894073139974779","0.7894073139974779","0.646","0.646","0.646","0.43","0.43","0.43"
"111","0.762","0.762","0.762","0.7616645649432535","0.7616645649432535","0.7616645649432535","0.652","0.652","0.652","0.438","0.438","0.438"
"112","0.766","0.766","0.766","0.7755359394703657","0.7755359394703657","0.7755359394703657","0.638","0.638","0.638","0.462","0.462","0.462"
"113","0.772","0.772","0.772","0.7704918032786885","0.7704918032786885","0.7704918032786885","0.644","0.644","0.644","0.434","0.434","0.434"
"114","0.76","0.76","0.76","0.7755359394703657","0.7755359394703657","0.7755359394703657","0.638","0.638","0.638","0.424","0.424","0.424"
"115","0.788","0.788","0.788","0.7755359394703657","0.7755359394703657","0.7755359394703657","0.63","0.63","0.63","0.452","0.452","0.452"
"116","0.768","0.768","0.768","0.7629255989911727","0.7629255989911727","0.7629255989911727","0.666","0.666","0.666","0.434","0.434","0.434"
"117","0.764","0.764","0.764","0.7692307692307693","0.7692307692307693","0.7692307692307693","0.644","0.644","0.644","0.44","0.44","0.44"
"118","0.744","0.744","0.744","0.7717528373266078","0.7717528373266078","0.7717528373266078","0.634","0.634","0.634","0.436","0.436","0.436"
"119","0.754","0.754","0.754","0.7667087011349306","0.7667087011349306","0.7667087011349306","0.666","0.666","0.666","0.438","0.438","0.438"
"120","0.774","0.774","0.774","0.7906683480453972","0.7906683480453972","0.7906683480453972","0.62","0.62","0.62","0.45","0.45","0.45"
"121","0.754","0.754","0.754","0.7730138713745272","0.7730138713745272","0.7730138713745272","0.634","0.634","0.634","0.43","0.43","0.43"
"122","0.778","0.778","0.778","0.7641866330390921","0.7641866330390921","0.7641866330390921","0.62","0.62","0.62","0.422","0.422","0.422"
"123","0.758","0.758","0.758","0.7704918032786885","0.7704918032786885","0.7704918032786885","0.65","0.65","0.65","0.42","0.42","0.42"
"124","0.742","0.742","0.742","0.7692307692307693","0.7692307692307693","0.7692307692307693","0.65","0.65","0.65","0.452","0.452","0.452"
"125","0.754","0.754","0.754","0.7667087011349306","0.7667087011349306","0.7667087011349306","0.626","0.626","0.626","0.416","0.416","0.416"
"126","0.76","0.76","0.76","0.7591424968474149","0.7591424968474149","0.7591424968474149","0.618","0.618","0.618","0.432","0.432","0.432"
"127","0.758","0.758","0.758","0.7831021437578815","0.7831021437578815","0.7831021437578815","0.66","0.66","0.66","0.438","0.438","0.438"
"128","0.762","0.762","0.762","0.7692307692307693","0.7692307692307693","0.7692307692307693","0.636","0.636","0.636","0.422","0.422","0.422"
"129","0.756","0.756","0.756","0.7515762925598991","0.7515762925598991","0.7515762925598991","0.668","0.668","0.668","0.426","0.426","0.426"
"130","0.756","0.756","0.756","0.7742749054224464","0.7742749054224464","0.7742749054224464","0.62","0.62","0.62","0.432","0.432","0.432"
"131","0.76","0.76","0.76","0.7629255989911727","0.7629255989911727","0.7629255989911727","0.648","0.648","0.648","0.438","0.438","0.438"
"132","0.744","0.744","0.744","0.7818411097099621","0.7818411097099621","0.7818411097099621","0.642","0.642","0.642","0.444","0.444","0.444"
"133","0.764","0.764","0.764","0.7818411097099621","0.7818411097099621","0.7818411097099621","0.65","0.65","0.65","0.464","0.464","0.464"
"134","0.76","0.76","0.76","0.7868852459016393","0.7868852459016393","0.7868852459016393","0.656","0.656","0.656","0.418","0.418","0.418"
"135","0.76","0.76","0.76","0.7894073139974779","0.7894073139974779","0.7894073139974779","0.62","0.62","0.62","0.432","0.432","0.432"
"136","0.772","0.772","0.772","0.7654476670870114","0.7654476670870114","0.7654476670870114","0.67","0.67","0.67","0.438","0.438","0.438"
"137","0.77","0.77","0.77","0.7868852459016393","0.7868852459016393","0.7868852459016393","0.662","0.662","0.662","0.438","0.438","0.438"
"138","0.76","0.76","0.76","0.7704918032786885","0.7704918032786885","0.7704918032786885","0.66","0.66","0.66","0.454","0.454","0.454"
"139","0.756","0.756","0.756","0.7780580075662042","0.7780580075662042","0.7780580075662042","0.636","0.636","0.636","0.412","0.412","0.412"
"140","0.748","0.748","0.748","0.7818411097099621","0.7818411097099621","0.7818411097099621","0.63","0.63","0.63","0.424","0.424","0.424"
"141","0.772","0.772","0.772","0.7780580075662042","0.7780580075662042","0.7780580075662042","0.648","0.648","0.648","0.434","0.434","0.434"
"142","0.77","0.77","0.77","0.7679697351828499","0.7679697351828499","0.7679697351828499","0.666","0.666","0.666","0.408","0.408","0.408"
"143","0.774","0.774","0.774","0.7654476670870114","0.7654476670870114","0.7654476670870114","0.644","0.644","0.644","0.416","0.416","0.416"
"144","0.736","0.736","0.736","0.7717528373266078","0.7717528373266078","0.7717528373266078","0.622","0.622","0.622","0.422","0.422","0.422"
"145","0.792","0.792","0.792","0.7755359394703657","0.7755359394703657","0.7755359394703657","0.656","0.656","0.656","0.414","0.414","0.414"
"146","0.764","0.764","0.764","0.7730138713745272","0.7730138713745272","0.7730138713745272","0.63","0.63","0.63","0.426","0.426","0.426"
"147","0.762","0.762","0.762","0.7805800756620429","0.7805800756620429","0.7805800756620429","0.632","0.632","0.632","0.426","0.426","0.426"
"148","0.782","0.782","0.782","0.7831021437578815","0.7831021437578815","0.7831021437578815","0.65","0.65","0.65","0.444","0.444","0.444"
"149","0.784","0.784","0.784","0.7629255989911727","0.7629255989911727","0.7629255989911727","0.622","0.622","0.622","0.434","0.434","0.434"
"150","0.762","0.762","0.762","0.7793190416141236","0.7793190416141236","0.7793190416141236","0.636","0.636","0.636","0.43","0.43","0.43"
"151","0.758","0.758","0.758","0.7793190416141236","0.7793190416141236","0.7793190416141236","0.622","0.622","0.622","0.414","0.414","0.414"
"152","0.76","0.76","0.76","0.7679697351828499","0.7679697351828499","0.7679697351828499","0.636","0.636","0.636","0.46","0.46","0.46"
"153","0.76","0.76","0.76","0.7692307692307693","0.7692307692307693","0.7692307692307693","0.652","0.652","0.652","0.446","0.446","0.446"
"154","0.772","0.772","0.772","0.7629255989911727","0.7629255989911727","0.7629255989911727","0.66","0.66","0.66","0.452","0.452","0.452"
"155","0.752","0.752","0.752","0.7692307692307693","0.7692307692307693","0.7692307692307693","0.664","0.664","0.664","0.458","0.458","0.458"
"156","0.756","0.756","0.756","0.7755359394703657","0.7755359394703657","0.7755359394703657","0.628","0.628","0.628","0.454","0.454","0.454"
"157","0.766","0.766","0.766","0.7717528373266078","0.7717528373266078","0.7717528373266078","0.64","0.64","0.64","0.45","0.45","0.45"
"158","0.762","0.762","0.762","0.7730138713745272","0.7730138713745272","0.7730138713745272","0.658","0.658","0.658","0.448","0.448","0.448"
"159","0.784","0.784","0.784","0.7793190416141236","0.7793190416141236","0.7793190416141236","0.614","0.614","0.614","0.448","0.448","0.448"
"160","0.756","0.756","0.756","0.7957124842370744","0.7957124842370744","0.7957124842370744","0.598","0.598","0.598","0.444","0.444","0.444"
"161","0.742","0.742","0.742","0.7591424968474149","0.7591424968474149","0.7591424968474149","0.628","0.628","0.628","0.434","0.434","0.434"
"162","0.766","0.766","0.766","0.7654476670870114","0.7654476670870114","0.7654476670870114","0.616","0.616","0.616","0.43","0.43","0.43"
"163","0.74","0.74","0.74","0.7654476670870114","0.7654476670870114","0.7654476670870114","0.642","0.642","0.642","0.42","0.42","0.42"
"164","0.748","0.748","0.748","0.7692307692307693","0.7692307692307693","0.7692307692307693","0.636","0.636","0.636","0.43","0.43","0.43"
"165","0.758","0.758","0.758","0.7894073139974779","0.7894073139974779","0.7894073139974779","0.64","0.64","0.64","0.434","0.434","0.434"
"166","0.774","0.774","0.774","0.755359394703657","0.755359394703657","0.755359394703657","0.64","0.64","0.64","0.48","0.48","0.48"
"167","0.752","0.752","0.752","0.7704918032786885","0.7704918032786885","0.7704918032786885","0.636","0.636","0.636","0.438","0.438","0.438"
"168","0.766","0.766","0.766","0.7755359394703657","0.7755359394703657","0.7755359394703657","0.622","0.622","0.622","0.46","0.46","0.46"
"169","0.748","0.748","0.748","0.7679697351828499","0.7679697351828499","0.7679697351828499","0.624","0.624","0.624","0.422","0.422","0.422"
"170","0.75","0.75","0.75","0.7667087011349306","0.7667087011349306","0.7667087011349306","0.644","0.644","0.644","0.434","0.434","0.434"
"171","0.758","0.758","0.758","0.7742749054224464","0.7742749054224464","0.7742749054224464","0.628","0.628","0.628","0.48","0.48","0.48"
"172","0.742","0.742","0.742","0.7730138713745272","0.7730138713745272","0.7730138713745272","0.65","0.65","0.65","0.46","0.46","0.46"
"173","0.774","0.774","0.774","0.7780580075662042","0.7780580075662042","0.7780580075662042","0.664","0.664","0.664","0.456","0.456","0.456"
"174","0.764","0.764","0.764","0.7604035308953342","0.7604035308953342","0.7604035308953342","0.628","0.628","0.628","0.434","0.434","0.434"
"175","0.746","0.746","0.746","0.7616645649432535","0.7616645649432535","0.7616645649432535","0.656","0.656","0.656","0.45","0.45","0.45"
"176","0.764","0.764","0.764","0.7679697351828499","0.7679697351828499","0.7679697351828499","0.642","0.642","0.642","0.462","0.462","0.462"
"177","0.754","0.754","0.754","0.7755359394703657","0.7755359394703657","0.7755359394703657","0.64","0.64","0.64","0.438","0.438","0.438"
"178","0.752","0.752","0.752","0.7717528373266078","0.7717528373266078","0.7717528373266078","0.674","0.674","0.674","0.456","0.456","0.456"
"179","0.742","0.742","0.742","0.7654476670870114","0.7654476670870114","0.7654476670870114","0.624","0.624","0.624","0.452","0.452","0.452"
"180","0.75","0.75","0.75","0.7641866330390921","0.7641866330390921","0.7641866330390921","0.62","0.62","0.62","0.422","0.422","0.422"
"181","0.758","0.758","0.758","0.7742749054224464","0.7742749054224464","0.7742749054224464","0.644","0.644","0.644","0.442","0.442","0.442"
"182","0.748","0.748","0.748","0.7692307692307693","0.7692307692307693","0.7692307692307693","0.632","0.632","0.632","0.438","0.438","0.438"
"183","0.744","0.744","0.744","0.7780580075662042","0.7780580075662042","0.7780580075662042","0.628","0.628","0.628","0.44","0.44","0.44"
"184","0.754","0.754","0.754","0.7604035308953342","0.7604035308953342","0.7604035308953342","0.66","0.66","0.66","0.436","0.436","0.436"
"185","0.748","0.748","0.748","0.7717528373266078","0.7717528373266078","0.7717528373266078","0.644","0.644","0.644","0.436","0.436","0.436"
"186","0.75","0.75","0.75","0.7742749054224464","0.7742749054224464","0.7742749054224464","0.634","0.634","0.634","0.442","0.442","0.442"
"187","0.762","0.762","0.762","0.7616645649432535","0.7616645649432535","0.7616645649432535","0.646","0.646","0.646","0.452","0.452","0.452"
"188","0.764","0.764","0.764","0.7679697351828499","0.7679697351828499","0.7679697351828499","0.658","0.658","0.658","0.442","0.442","0.442"
"189","0.754","0.754","0.754","0.7692307692307693","0.7692307692307693","0.7692307692307693","0.634","0.634","0.634","0.408","0.408","0.408"
"190","0.766","0.766","0.766","0.7679697351828499","0.7679697351828499","0.7679697351828499","0.646","0.646","0.646","0.42","0.42","0.42"
"191","0.766","0.766","0.766","0.7679697351828499","0.7679697351828499","0.7679697351828499","0.646","0.646","0.646","0.418","0.418","0.418"
"192","0.744","0.744","0.744","0.7755359394703657","0.7755359394703657","0.7755359394703657","0.656","0.656","0.656","0.454","0.454","0.454"
"193","0.752","0.752","0.752","0.7654476670870114","0.7654476670870114","0.7654476670870114","0.646","0.646","0.646","0.42","0.42","0.42"
"194","0.762","0.762","0.762","0.7742749054224464","0.7742749054224464","0.7742749054224464","0.662","0.662","0.662","0.416","0.416","0.416"
"195","0.742","0.742","0.742","0.7641866330390921","0.7641866330390921","0.7641866330390921","0.65","0.65","0.65","0.426","0.426","0.426"
"196","0.75","0.75","0.75","0.7692307692307693","0.7692307692307693","0.7692307692307693","0.65","0.65","0.65","0.418","0.418","0.418"
"197","0.754","0.754","0.754","0.7730138713745272","0.7730138713745272","0.7730138713745272","0.656","0.656","0.656","0.444","0.444","0.444"
"198","0.768","0.768","0.768","0.7591424968474149","0.7591424968474149","0.7591424968474149","0.66","0.66","0.66","0.454","0.454","0.454"
"199","0.76","0.76","0.76","0.7793190416141236","0.7793190416141236","0.7793190416141236","0.652","0.652","0.652","0.452","0.452","0.452"
"200","0.768","0.768","0.768","0.7692307692307693","0.7692307692307693","0.7692307692307693","0.644","0.644","0.644","0.444","0.444","0.444"
"201","0.746","0.746","0.746","0.776796973518285","0.776796973518285","0.776796973518285","0.672","0.672","0.672","0.458","0.458","0.458"
"202","0.786","0.786","0.786","0.7843631778058008","0.7843631778058008","0.7843631778058008","0.638","0.638","0.638","0.466","0.466","0.466"
"203","0.766","0.766","0.766","0.7591424968474149","0.7591424968474149","0.7591424968474149","0.65","0.65","0.65","0.468","0.468","0.468"
"204","0.77","0.77","0.77","0.7591424968474149","0.7591424968474149","0.7591424968474149","0.626","0.626","0.626","0.456","0.456","0.456"
"205","0.762","0.762","0.762","0.7692307692307693","0.7692307692307693","0.7692307692307693","0.652","0.652","0.652","0.434","0.434","0.434"
"206","0.752","0.752","0.752","0.7629255989911727","0.7629255989911727","0.7629255989911727","0.646","0.646","0.646","0.464","0.464","0.464"
"207","0.756","0.756","0.756","0.776796973518285","0.776796973518285","0.776796973518285","0.674","0.674","0.674","0.438","0.438","0.438"
"208","0.762","0.762","0.762","0.7654476670870114","0.7654476670870114","0.7654476670870114","0.658","0.658","0.658","0.454","0.454","0.454"
"209","0.758","0.758","0.758","0.7717528373266078","0.7717528373266078","0.7717528373266078","0.68","0.68","0.68","0.472","0.472","0.472"
"210","0.764","0.764","0.764","0.7667087011349306","0.7667087011349306","0.7667087011349306","0.652","0.652","0.652","0.442","0.442","0.442"
"211","0.778","0.778","0.778","0.7692307692307693","0.7692307692307693","0.7692307692307693","0.666","0.666","0.666","0.446","0.446","0.446"
"212","0.754","0.754","0.754","0.7692307692307693","0.7692307692307693","0.7692307692307693","0.654","0.654","0.654","0.47","0.47","0.47"
"213","0.77","0.77","0.77","0.7717528373266078","0.7717528373266078","0.7717528373266078","0.644","0.644","0.644","0.462","0.462","0.462"
"214","0.764","0.764","0.764","0.7704918032786885","0.7704918032786885","0.7704918032786885","0.636","0.636","0.636","0.47","0.47","0.47"
"215","0.758","0.758","0.758","0.7692307692307693","0.7692307692307693","0.7692307692307693","0.674","0.674","0.674","0.46","0.46","0.46"
"216","0.756","0.756","0.756","0.7793190416141236","0.7793190416141236","0.7793190416141236","0.666","0.666","0.666","0.474","0.474","0.474"
"217","0.76","0.76","0.76","0.7692307692307693","0.7692307692307693","0.7692307692307693","0.656","0.656","0.656","0.458","0.458","0.458"
"218","0.748","0.748","0.748","0.7616645649432535","0.7616645649432535","0.7616645649432535","0.644","0.644","0.644","0.456","0.456","0.456"
"219","0.754","0.754","0.754","0.7578814627994955","0.7578814627994955","0.7578814627994955","0.654","0.654","0.654","0.472","0.472","0.472"
"220","0.756","0.756","0.756","0.7667087011349306","0.7667087011349306","0.7667087011349306","0.654","0.654","0.654","0.456","0.456","0.456"
"221","0.738","0.738","0.738","0.7591424968474149","0.7591424968474149","0.7591424968474149","0.65","0.65","0.65","0.454","0.454","0.454"
"222","0.768","0.768","0.768","0.7667087011349306","0.7667087011349306","0.7667087011349306","0.632","0.632","0.632","0.434","0.434","0.434"
"223","0.762","0.762","0.762","0.7641866330390921","0.7641866330390921","0.7641866330390921","0.662","0.662","0.662","0.468","0.468","0.468"
"224","0.766","0.766","0.766","0.7755359394703657","0.7755359394703657","0.7755359394703657","0.642","0.642","0.642","0.454","0.454","0.454"
"225","0.746","0.746","0.746","0.7654476670870114","0.7654476670870114","0.7654476670870114","0.65","0.65","0.65","0.464","0.464","0.464"
"226","0.722","0.722","0.722","0.776796973518285","0.776796973518285","0.776796973518285","0.666","0.666","0.666","0.448","0.448","0.448"
"227","0.756","0.756","0.756","0.7805800756620429","0.7805800756620429","0.7805800756620429","0.638","0.638","0.638","0.434","0.434","0.434"
"228","0.746","0.746","0.746","0.7969735182849937","0.7969735182849937","0.7969735182849937","0.646","0.646","0.646","0.468","0.468","0.468"
"229","0.76","0.76","0.76","0.7692307692307693","0.7692307692307693","0.7692307692307693","0.646","0.646","0.646","0.454","0.454","0.454"
"230","0.758","0.758","0.758","0.7755359394703657","0.7755359394703657","0.7755359394703657","0.646","0.646","0.646","0.47","0.47","0.47"
"231","0.732","0.732","0.732","0.7742749054224464","0.7742749054224464","0.7742749054224464","0.666","0.666","0.666","0.438","0.438","0.438"
"232","0.746","0.746","0.746","0.7679697351828499","0.7679697351828499","0.7679697351828499","0.658","0.658","0.658","0.436","0.436","0.436"
"233","0.774","0.774","0.774","0.7717528373266078","0.7717528373266078","0.7717528373266078","0.666","0.666","0.666","0.444","0.444","0.444"
"234","0.74","0.74","0.74","0.7641866330390921","0.7641866330390921","0.7641866330390921","0.672","0.672","0.672","0.432","0.432","0.432"
"235","0.74","0.74","0.74","0.7591424968474149","0.7591424968474149","0.7591424968474149","0.636","0.636","0.636","0.44","0.44","0.44"
"236","0.738","0.738","0.738","0.7692307692307693","0.7692307692307693","0.7692307692307693","0.648","0.648","0.648","0.432","0.432","0.432"
"237","0.758","0.758","0.758","0.7604035308953342","0.7604035308953342","0.7604035308953342","0.65","0.65","0.65","0.448","0.448","0.448"
"238","0.746","0.746","0.746","0.7641866330390921","0.7641866330390921","0.7641866330390921","0.634","0.634","0.634","0.466","0.466","0.466"
"239","0.756","0.756","0.756","0.7578814627994955","0.7578814627994955","0.7578814627994955","0.64","0.64","0.64","0.462","0.462","0.462"
"240","0.744","0.744","0.744","0.7641866330390921","0.7641866330390921","0.7641866330390921","0.646","0.646","0.646","0.462","0.462","0.462"
"241","0.754","0.754","0.754","0.7704918032786885","0.7704918032786885","0.7704918032786885","0.636","0.636","0.636","0.438","0.438","0.438"
"242","0.772","0.772","0.772","0.7641866330390921","0.7641866330390921","0.7641866330390921","0.63","0.63","0.63","0.436","0.436","0.436"
"243","0.75","0.75","0.75","0.7818411097099621","0.7818411097099621","0.7818411097099621","0.664","0.664","0.664","0.444","0.444","0.444"
"244","0.748","0.748","0.748","0.7629255989911727","0.7629255989911727","0.7629255989911727","0.656","0.656","0.656","0.44","0.44","0.44"
"245","0.754","0.754","0.754","0.7780580075662042","0.7780580075662042","0.7780580075662042","0.658","0.658","0.658","0.45","0.45","0.45"
"246","0.748","0.748","0.748","0.776796973518285","0.776796973518285","0.776796973518285","0.662","0.662","0.662","0.438","0.438","0.438"
"247","0.754","0.754","0.754","0.7667087011349306","0.7667087011349306","0.7667087011349306","0.656","0.656","0.656","0.45","0.45","0.45"
"248","0.76","0.76","0.76","0.7793190416141236","0.7793190416141236","0.7793190416141236","0.638","0.638","0.638","0.452","0.452","0.452"
"249","0.764","0.764","0.764","0.7780580075662042","0.7780580075662042","0.7780580075662042","0.662","0.662","0.662","0.462","0.462","0.462"
"250","0.748","0.748","0.748","0.7591424968474149","0.7591424968474149","0.7591424968474149","0.634","0.634","0.634","0.424","0.424","0.424"
"251","0.738","0.738","0.738","0.7692307692307693","0.7692307692307693","0.7692307692307693","0.656","0.656","0.656","0.478","0.478","0.478"
"252","0.774","0.774","0.774","0.7641866330390921","0.7641866330390921","0.7641866330390921","0.656","0.656","0.656","0.482","0.482","0.482"
"253","0.776","0.776","0.776","0.7578814627994955","0.7578814627994955","0.7578814627994955","0.612","0.612","0.612","0.454","0.454","0.454"
"254","0.756","0.756","0.756","0.7742749054224464","0.7742749054224464","0.7742749054224464","0.644","0.644","0.644","0.468","0.468","0.468"
"255","0.738","0.738","0.738","0.7490542244640606","0.7490542244640606","0.7490542244640606","0.63","0.63","0.63","0.454","0.454","0.454"
"256","0.744","0.744","0.744","0.7730138713745272","0.7730138713745272","0.7730138713745272","0.658","0.658","0.658","0.452","0.452","0.452"
"257","0.752","0.752","0.752","0.7641866330390921","0.7641866330390921","0.7641866330390921","0.646","0.646","0.646","0.444","0.444","0.444"
"258","0.756","0.756","0.756","0.7667087011349306","0.7667087011349306","0.7667087011349306","0.664","0.664","0.664","0.46","0.46","0.46"
"259","0.736","0.736","0.736","0.7566204287515763","0.7566204287515763","0.7566204287515763","0.664","0.664","0.664","0.448","0.448","0.448"
"260","0.766","0.766","0.766","0.7730138713745272","0.7730138713745272","0.7730138713745272","0.652","0.652","0.652","0.464","0.464","0.464"
"261","0.74","0.74","0.74","0.7604035308953342","0.7604035308953342","0.7604035308953342","0.668","0.668","0.668","0.458","0.458","0.458"
"262","0.742","0.742","0.742","0.7591424968474149","0.7591424968474149","0.7591424968474149","0.642","0.642","0.642","0.44","0.44","0.44"
"263","0.744","0.744","0.744","0.7679697351828499","0.7679697351828499","0.7679697351828499","0.656","0.656","0.656","0.444","0.444","0.444"
"264","0.762","0.762","0.762","0.7578814627994955","0.7578814627994955","0.7578814627994955","0.654","0.654","0.654","0.444","0.444","0.444"
"265","0.756","0.756","0.756","0.7591424968474149","0.7591424968474149","0.7591424968474149","0.678","0.678","0.678","0.476","0.476","0.476"
"266","0.744","0.744","0.744","0.7805800756620429","0.7805800756620429","0.7805800756620429","0.648","0.648","0.648","0.46","0.46","0.46"
"267","0.734","0.734","0.734","0.7730138713745272","0.7730138713745272","0.7730138713745272","0.65","0.65","0.65","0.476","0.476","0.476"
"268","0.736","0.736","0.736","0.7641866330390921","0.7641866330390921","0.7641866330390921","0.676","0.676","0.676","0.446","0.446","0.446"
"269","0.754","0.754","0.754","0.7578814627994955","0.7578814627994955","0.7578814627994955","0.656","0.656","0.656","0.474","0.474","0.474"
"270","0.754","0.754","0.754","0.7755359394703657","0.7755359394703657","0.7755359394703657","0.648","0.648","0.648","0.444","0.444","0.444"
"271","0.762","0.762","0.762","0.7515762925598991","0.7515762925598991","0.7515762925598991","0.654","0.654","0.654","0.454","0.454","0.454"
"272","0.748","0.748","0.748","0.7641866330390921","0.7641866330390921","0.7641866330390921","0.648","0.648","0.648","0.444","0.444","0.444"
"273","0.75","0.75","0.75","0.7667087011349306","0.7667087011349306","0.7667087011349306","0.632","0.632","0.632","0.436","0.436","0.436"
"274","0.726","0.726","0.726","0.7616645649432535","0.7616645649432535","0.7616645649432535","0.644","0.644","0.644","0.466","0.466","0.466"
"275","0.738","0.738","0.738","0.7629255989911727","0.7629255989911727","0.7629255989911727","0.642","0.642","0.642","0.47","0.47","0.47"
"276","0.744","0.744","0.744","0.7667087011349306","0.7667087011349306","0.7667087011349306","0.676","0.676","0.676","0.444","0.444","0.444"
"277","0.76","0.76","0.76","0.7742749054224464","0.7742749054224464","0.7742749054224464","0.642","0.642","0.642","0.456","0.456","0.456"
"278","0.744","0.744","0.744","0.7843631778058008","0.7843631778058008","0.7843631778058008","0.67","0.67","0.67","0.426","0.426","0.426"
"279","0.756","0.756","0.756","0.7616645649432535","0.7616645649432535","0.7616645649432535","0.656","0.656","0.656","0.446","0.446","0.446"
"280","0.772","0.772","0.772","0.7667087011349306","0.7667087011349306","0.7667087011349306","0.642","0.642","0.642","0.44","0.44","0.44"
"281","0.744","0.744","0.744","0.7629255989911727","0.7629255989911727","0.7629255989911727","0.654","0.654","0.654","0.472","0.472","0.472"
"282","0.758","0.758","0.758","0.7679697351828499","0.7679697351828499","0.7679697351828499","0.666","0.666","0.666","0.444","0.444","0.444"
"283","0.752","0.752","0.752","0.7717528373266078","0.7717528373266078","0.7717528373266078","0.638","0.638","0.638","0.452","0.452","0.452"
"284","0.74","0.74","0.74","0.7629255989911727","0.7629255989911727","0.7629255989911727","0.658","0.658","0.658","0.462","0.462","0.462"
"285","0.738","0.738","0.738","0.7641866330390921","0.7641866330390921","0.7641866330390921","0.668","0.668","0.668","0.456","0.456","0.456"
"286","0.764","0.764","0.764","0.7755359394703657","0.7755359394703657","0.7755359394703657","0.648","0.648","0.648","0.428","0.428","0.428"
"287","0.738","0.738","0.738","0.776796973518285","0.776796973518285","0.776796973518285","0.676","0.676","0.676","0.416","0.416","0.416"
"288","0.746","0.746","0.746","0.7604035308953342","0.7604035308953342","0.7604035308953342","0.652","0.652","0.652","0.426","0.426","0.426"
"289","0.746","0.746","0.746","0.7654476670870114","0.7654476670870114","0.7654476670870114","0.64","0.64","0.64","0.424","0.424","0.424"
"290","0.76","0.76","0.76","0.7654476670870114","0.7654476670870114","0.7654476670870114","0.638","0.638","0.638","0.444","0.444","0.444"
"291","0.748","0.748","0.748","0.7667087011349306","0.7667087011349306","0.7667087011349306","0.62","0.62","0.62","0.448","0.448","0.448"
"292","0.758","0.758","0.758","0.7704918032786885","0.7704918032786885","0.7704918032786885","0.634","0.634","0.634","0.448","0.448","0.448"
"293","0.742","0.742","0.742","0.7730138713745272","0.7730138713745272","0.7730138713745272","0.66","0.66","0.66","0.45","0.45","0.45"
"294","0.734","0.734","0.734","0.7654476670870114","0.7654476670870114","0.7654476670870114","0.642","0.642","0.642","0.452","0.452","0.452"
"295","0.742","0.742","0.742","0.755359394703657","0.755359394703657","0.755359394703657","0.648","0.648","0.648","0.476","0.476","0.476"
"296","0.74","0.74","0.74","0.7818411097099621","0.7818411097099621","0.7818411097099621","0.626","0.626","0.626","0.46","0.46","0.46"
"297","0.734","0.734","0.734","0.7629255989911727","0.7629255989911727","0.7629255989911727","0.652","0.652","0.652","0.456","0.456","0.456"
"298","0.742","0.742","0.742","0.7692307692307693","0.7692307692307693","0.7692307692307693","0.648","0.648","0.648","0.476","0.476","0.476"
"299","0.762","0.762","0.762","0.7641866330390921","0.7641866330390921","0.7641866330390921","0.634","0.634","0.634","0.482","0.482","0.482"
"300","0.74","0.74","0.74","0.7704918032786885","0.7704918032786885","0.7704918032786885","0.668","0.668","0.668","0.434","0.434","0.434"
"301","0.752","0.752","0.752","0.7629255989911727","0.7629255989911727","0.7629255989911727","0.658","0.658","0.658","0.448","0.448","0.448"
"302","0.754","0.754","0.754","0.7641866330390921","0.7641866330390921","0.7641866330390921","0.644","0.644","0.644","0.458","0.458","0.458"
"303","0.744","0.744","0.744","0.7604035308953342","0.7604035308953342","0.7604035308953342","0.634","0.634","0.634","0.444","0.444","0.444"
"304","0.754","0.754","0.754","0.7515762925598991","0.7515762925598991","0.7515762925598991","0.644","0.644","0.644","0.47","0.47","0.47"
"305","0.758","0.758","0.758","0.7616645649432535","0.7616645649432535","0.7616645649432535","0.646","0.646","0.646","0.49","0.49","0.49"
"306","0.758","0.758","0.758","0.7616645649432535","0.7616645649432535","0.7616645649432535","0.63","0.63","0.63","0.484","0.484","0.484"
"307","0.756","0.756","0.756","0.7629255989911727","0.7629255989911727","0.7629255989911727","0.668","0.668","0.668","0.488","0.488","0.488"
"308","0.754","0.754","0.754","0.7755359394703657","0.7755359394703657","0.7755359394703657","0.654","0.654","0.654","0.476","0.476","0.476"
"309","0.734","0.734","0.734","0.7692307692307693","0.7692307692307693","0.7692307692307693","0.642","0.642","0.642","0.462","0.462","0.462"
"310","0.742","0.742","0.742","0.7667087011349306","0.7667087011349306","0.7667087011349306","0.622","0.622","0.622","0.432","0.432","0.432"
"311","0.754","0.754","0.754","0.7641866330390921","0.7641866330390921","0.7641866330390921","0.648","0.648","0.648","0.47","0.47","0.47"
"312","0.74","0.74","0.74","0.7717528373266078","0.7717528373266078","0.7717528373266078","0.61","0.61","0.61","0.456","0.456","0.456"
"313","0.768","0.768","0.768","0.7692307692307693","0.7692307692307693","0.7692307692307693","0.656","0.656","0.656","0.468","0.468","0.468"
"314","0.748","0.748","0.748","0.7566204287515763","0.7566204287515763","0.7566204287515763","0.646","0.646","0.646","0.448","0.448","0.448"
"315","0.762","0.762","0.762","0.7780580075662042","0.7780580075662042","0.7780580075662042","0.652","0.652","0.652","0.464","0.464","0.464"
"316","0.744","0.744","0.744","0.7667087011349306","0.7667087011349306","0.7667087011349306","0.672","0.672","0.672","0.434","0.434","0.434"
"317","0.73","0.73","0.73","0.7578814627994955","0.7578814627994955","0.7578814627994955","0.62","0.62","0.62","0.466","0.466","0.466"
"318","0.762","0.762","0.762","0.7629255989911727","0.7629255989911727","0.7629255989911727","0.66","0.66","0.66","0.476","0.476","0.476"
"319","0.74","0.74","0.74","0.7654476670870114","0.7654476670870114","0.7654476670870114","0.65","0.65","0.65","0.458","0.458","0.458"
"320","0.74","0.74","0.74","0.755359394703657","0.755359394703657","0.755359394703657","0.636","0.636","0.636","0.452","0.452","0.452"
"321","0.756","0.756","0.756","0.7805800756620429","0.7805800756620429","0.7805800756620429","0.672","0.672","0.672","0.428","0.428","0.428"
"322","0.758","0.758","0.758","0.7654476670870114","0.7654476670870114","0.7654476670870114","0.656","0.656","0.656","0.436","0.436","0.436"
"323","0.764","0.764","0.764","0.7465321563682219","0.7465321563682219","0.7465321563682219","0.672","0.672","0.672","0.434","0.434","0.434"
"324","0.744","0.744","0.744","0.7755359394703657","0.7755359394703657","0.7755359394703657","0.652","0.652","0.652","0.448","0.448","0.448"
"325","0.742","0.742","0.742","0.7629255989911727","0.7629255989911727","0.7629255989911727","0.63","0.63","0.63","0.426","0.426","0.426"
"326","0.73","0.73","0.73","0.7641866330390921","0.7641866330390921","0.7641866330390921","0.638","0.638","0.638","0.452","0.452","0.452"
"327","0.756","0.756","0.756","0.7730138713745272","0.7730138713745272","0.7730138713745272","0.634","0.634","0.634","0.454","0.454","0.454"
"328","0.772","0.772","0.772","0.7591424968474149","0.7591424968474149","0.7591424968474149","0.668","0.668","0.668","0.448","0.448","0.448"
"329","0.76","0.76","0.76","0.7566204287515763","0.7566204287515763","0.7566204287515763","0.656","0.656","0.656","0.446","0.446","0.446"
"330","0.748","0.748","0.748","0.7843631778058008","0.7843631778058008","0.7843631778058008","0.644","0.644","0.644","0.46","0.46","0.46"
"331","0.76","0.76","0.76","0.7831021437578815","0.7831021437578815","0.7831021437578815","0.664","0.664","0.664","0.444","0.444","0.444"
"332","0.78","0.78","0.78","0.7704918032786885","0.7704918032786885","0.7704918032786885","0.652","0.652","0.652","0.444","0.444","0.444"
"333","0.742","0.742","0.742","0.7578814627994955","0.7578814627994955","0.7578814627994955","0.654","0.654","0.654","0.432","0.432","0.432"
"334","0.772","0.772","0.772","0.7540983606557377","0.7540983606557377","0.7540983606557377","0.638","0.638","0.638","0.442","0.442","0.442"
"335","0.74","0.74","0.74","0.7604035308953342","0.7604035308953342","0.7604035308953342","0.656","0.656","0.656","0.45","0.45","0.45"
"336","0.752","0.752","0.752","0.7679697351828499","0.7679697351828499","0.7679697351828499","0.676","0.676","0.676","0.434","0.434","0.434"
"337","0.758","0.758","0.758","0.7540983606557377","0.7540983606557377","0.7540983606557377","0.686","0.686","0.686","0.444","0.444","0.444"
"338","0.74","0.74","0.74","0.7591424968474149","0.7591424968474149","0.7591424968474149","0.684","0.684","0.684","0.452","0.452","0.452"
"339","0.752","0.752","0.752","0.755359394703657","0.755359394703657","0.755359394703657","0.638","0.638","0.638","0.434","0.434","0.434"
"340","0.748","0.748","0.748","0.7515762925598991","0.7515762925598991","0.7515762925598991","0.672","0.672","0.672","0.45","0.45","0.45"
"341","0.746","0.746","0.746","0.7528373266078184","0.7528373266078184","0.7528373266078184","0.648","0.648","0.648","0.474","0.474","0.474"
"342","0.774","0.774","0.774","0.7465321563682219","0.7465321563682219","0.7465321563682219","0.66","0.66","0.66","0.46","0.46","0.46"
"343","0.772","0.772","0.772","0.7805800756620429","0.7805800756620429","0.7805800756620429","0.644","0.644","0.644","0.448","0.448","0.448"
"344","0.748","0.748","0.748","0.7755359394703657","0.7755359394703657","0.7755359394703657","0.646","0.646","0.646","0.46","0.46","0.46"
"345","0.744","0.744","0.744","0.7641866330390921","0.7641866330390921","0.7641866330390921","0.668","0.668","0.668","0.446","0.446","0.446"
"346","0.742","0.742","0.742","0.7692307692307693","0.7692307692307693","0.7692307692307693","0.664","0.664","0.664","0.432","0.432","0.432"
"347","0.764","0.764","0.764","0.7704918032786885","0.7704918032786885","0.7704918032786885","0.646","0.646","0.646","0.42","0.42","0.42"
"348","0.768","0.768","0.768","0.7742749054224464","0.7742749054224464","0.7742749054224464","0.652","0.652","0.652","0.434","0.434","0.434"
"349","0.74","0.74","0.74","0.7742749054224464","0.7742749054224464","0.7742749054224464","0.652","0.652","0.652","0.442","0.442","0.442"
"350","0.752","0.752","0.752","0.7667087011349306","0.7667087011349306","0.7667087011349306","0.672","0.672","0.672","0.46","0.46","0.46"
"351","0.74","0.74","0.74","0.7742749054224464","0.7742749054224464","0.7742749054224464","0.642","0.642","0.642","0.448","0.448","0.448"
"352","0.75","0.75","0.75","0.7604035308953342","0.7604035308953342","0.7604035308953342","0.648","0.648","0.648","0.448","0.448","0.448"
"353","0.756","0.756","0.756","0.7667087011349306","0.7667087011349306","0.7667087011349306","0.668","0.668","0.668","0.43","0.43","0.43"
"354","0.748","0.748","0.748","0.7465321563682219","0.7465321563682219","0.7465321563682219","0.648","0.648","0.648","0.46","0.46","0.46"
"355","0.754","0.754","0.754","0.7641866330390921","0.7641866330390921","0.7641866330390921","0.658","0.658","0.658","0.454","0.454","0.454"
"356","0.766","0.766","0.766","0.7616645649432535","0.7616645649432535","0.7616645649432535","0.646","0.646","0.646","0.446","0.446","0.446"
"357","0.77","0.77","0.77","0.7692307692307693","0.7692307692307693","0.7692307692307693","0.666","0.666","0.666","0.468","0.468","0.468"
"358","0.732","0.732","0.732","0.7742749054224464","0.7742749054224464","0.7742749054224464","0.642","0.642","0.642","0.45","0.45","0.45"
"359","0.762","0.762","0.762","0.7717528373266078","0.7717528373266078","0.7717528373266078","0.662","0.662","0.662","0.478","0.478","0.478"
"360","0.728","0.728","0.728","0.7578814627994955","0.7578814627994955","0.7578814627994955","0.65","0.65","0.65","0.48","0.48","0.48"
"361","0.786","0.786","0.786","0.7604035308953342","0.7604035308953342","0.7604035308953342","0.664","0.664","0.664","0.478","0.478","0.478"
"362","0.738","0.738","0.738","0.776796973518285","0.776796973518285","0.776796973518285","0.664","0.664","0.664","0.472","0.472","0.472"
"363","0.75","0.75","0.75","0.7566204287515763","0.7566204287515763","0.7566204287515763","0.648","0.648","0.648","0.442","0.442","0.442"
"364","0.758","0.758","0.758","0.7629255989911727","0.7629255989911727","0.7629255989911727","0.666","0.666","0.666","0.472","0.472","0.472"
"365","0.754","0.754","0.754","0.7578814627994955","0.7578814627994955","0.7578814627994955","0.668","0.668","0.668","0.466","0.466","0.466"
"366","0.748","0.748","0.748","0.7654476670870114","0.7654476670870114","0.7654476670870114","0.678","0.678","0.678","0.474","0.474","0.474"
"367","0.754","0.754","0.754","0.7742749054224464","0.7742749054224464","0.7742749054224464","0.658","0.658","0.658","0.464","0.464","0.464"
"368","0.752","0.752","0.752","0.7616645649432535","0.7616645649432535","0.7616645649432535","0.668","0.668","0.668","0.466","0.466","0.466"
"369","0.754","0.754","0.754","0.7578814627994955","0.7578814627994955","0.7578814627994955","0.69","0.69","0.69","0.48","0.48","0.48"
"370","0.752","0.752","0.752","0.7667087011349306","0.7667087011349306","0.7667087011349306","0.666","0.666","0.666","0.462","0.462","0.462"
"371","0.774","0.774","0.774","0.7591424968474149","0.7591424968474149","0.7591424968474149","0.676","0.676","0.676","0.46","0.46","0.46"
"372","0.748","0.748","0.748","0.7591424968474149","0.7591424968474149","0.7591424968474149","0.634","0.634","0.634","0.454","0.454","0.454"
"373","0.752","0.752","0.752","0.7604035308953342","0.7604035308953342","0.7604035308953342","0.658","0.658","0.658","0.432","0.432","0.432"
"374","0.774","0.774","0.774","0.7540983606557377","0.7540983606557377","0.7540983606557377","0.648","0.648","0.648","0.452","0.452","0.452"
"375","0.75","0.75","0.75","0.7604035308953342","0.7604035308953342","0.7604035308953342","0.658","0.658","0.658","0.444","0.444","0.444"
"376","0.768","0.768","0.768","0.7667087011349306","0.7667087011349306","0.7667087011349306","0.634","0.634","0.634","0.438","0.438","0.438"
"377","0.746","0.746","0.746","0.7780580075662042","0.7780580075662042","0.7780580075662042","0.666","0.666","0.666","0.456","0.456","0.456"
"378","0.774","0.774","0.774","0.7704918032786885","0.7704918032786885","0.7704918032786885","0.654","0.654","0.654","0.444","0.444","0.444"
"379","0.764","0.764","0.764","0.776796973518285","0.776796973518285","0.776796973518285","0.648","0.648","0.648","0.48","0.48","0.48"
"380","0.746","0.746","0.746","0.7730138713745272","0.7730138713745272","0.7730138713745272","0.656","0.656","0.656","0.466","0.466","0.466"
"381","0.752","0.752","0.752","0.7629255989911727","0.7629255989911727","0.7629255989911727","0.686","0.686","0.686","0.488","0.488","0.488"
"382","0.758","0.758","0.758","0.7654476670870114","0.7654476670870114","0.7654476670870114","0.656","0.656","0.656","0.46","0.46","0.46"
"383","0.748","0.748","0.748","0.7591424968474149","0.7591424968474149","0.7591424968474149","0.672","0.672","0.672","0.494","0.494","0.494"
"384","0.758","0.758","0.758","0.7641866330390921","0.7641866330390921","0.7641866330390921","0.664","0.664","0.664","0.474","0.474","0.474"
"385","0.768","0.768","0.768","0.7629255989911727","0.7629255989911727","0.7629255989911727","0.666","0.666","0.666","0.462","0.462","0.462"
"386","0.752","0.752","0.752","0.7692307692307693","0.7692307692307693","0.7692307692307693","0.654","0.654","0.654","0.46","0.46","0.46"
"387","0.764","0.764","0.764","0.7591424968474149","0.7591424968474149","0.7591424968474149","0.646","0.646","0.646","0.48","0.48","0.48"
"388","0.764","0.764","0.764","0.7667087011349306","0.7667087011349306","0.7667087011349306","0.638","0.638","0.638","0.464","0.464","0.464"
"389","0.744","0.744","0.744","0.7591424968474149","0.7591424968474149","0.7591424968474149","0.668","0.668","0.668","0.492","0.492","0.492"
"390","0.75","0.75","0.75","0.7604035308953342","0.7604035308953342","0.7604035308953342","0.642","0.642","0.642","0.464","0.464","0.464"
"391","0.744","0.744","0.744","0.7755359394703657","0.7755359394703657","0.7755359394703657","0.658","0.658","0.658","0.436","0.436","0.436"
"392","0.75","0.75","0.75","0.7654476670870114","0.7654476670870114","0.7654476670870114","0.662","0.662","0.662","0.472","0.472","0.472"
"393","0.756","0.756","0.756","0.7616645649432535","0.7616645649432535","0.7616645649432535","0.688","0.688","0.688","0.474","0.474","0.474"
"394","0.764","0.764","0.764","0.7704918032786885","0.7704918032786885","0.7704918032786885","0.66","0.66","0.66","0.478","0.478","0.478"
"395","0.754","0.754","0.754","0.7515762925598991","0.7515762925598991","0.7515762925598991","0.644","0.644","0.644","0.47","0.47","0.47"
"396","0.742","0.742","0.742","0.755359394703657","0.755359394703657","0.755359394703657","0.638","0.638","0.638","0.484","0.484","0.484"
"397","0.752","0.752","0.752","0.7641866330390921","0.7641866330390921","0.7641866330390921","0.654","0.654","0.654","0.468","0.468","0.468"
"398","0.748","0.748","0.748","0.7641866330390921","0.7641866330390921","0.7641866330390921","0.662","0.662","0.662","0.478","0.478","0.478"
"399","0.758","0.758","0.758","0.7540983606557377","0.7540983606557377","0.7540983606557377","0.646","0.646","0.646","0.44","0.44","0.44"
"400","0.742","0.742","0.742","0.7604035308953342","0.7604035308953342","0.7604035308953342","0.63","0.63","0.63","0.478","0.478","0.478"
"401","0.742","0.742","0.742","0.7881462799495587","0.7881462799495587","0.7881462799495587","0.668","0.668","0.668","0.466","0.466","0.466"
"402","0.756","0.756","0.756","0.7591424968474149","0.7591424968474149","0.7591424968474149","0.672","0.672","0.672","0.47","0.47","0.47"
"403","0.75","0.75","0.75","0.7755359394703657","0.7755359394703657","0.7755359394703657","0.664","0.664","0.664","0.474","0.474","0.474"
"404","0.774","0.774","0.774","0.7667087011349306","0.7667087011349306","0.7667087011349306","0.658","0.658","0.658","0.48","0.48","0.48"
"405","0.746","0.746","0.746","0.7477931904161412","0.7477931904161412","0.7477931904161412","0.634","0.634","0.634","0.474","0.474","0.474"
"406","0.756","0.756","0.756","0.7566204287515763","0.7566204287515763","0.7566204287515763","0.672","0.672","0.672","0.462","0.462","0.462"
"407","0.768","0.768","0.768","0.7805800756620429","0.7805800756620429","0.7805800756620429","0.686","0.686","0.686","0.464","0.464","0.464"
"408","0.752","0.752","0.752","0.776796973518285","0.776796973518285","0.776796973518285","0.648","0.648","0.648","0.468","0.468","0.468"
"409","0.748","0.748","0.748","0.7566204287515763","0.7566204287515763","0.7566204287515763","0.658","0.658","0.658","0.474","0.474","0.474"
"410","0.764","0.764","0.764","0.7742749054224464","0.7742749054224464","0.7742749054224464","0.652","0.652","0.652","0.472","0.472","0.472"
"411","0.756","0.756","0.756","0.7629255989911727","0.7629255989911727","0.7629255989911727","0.648","0.648","0.648","0.474","0.474","0.474"
"412","0.758","0.758","0.758","0.7629255989911727","0.7629255989911727","0.7629255989911727","0.656","0.656","0.656","0.498","0.498","0.498"
"413","0.76","0.76","0.76","0.7604035308953342","0.7604035308953342","0.7604035308953342","0.652","0.652","0.652","0.464","0.464","0.464"
"414","0.744","0.744","0.744","0.7654476670870114","0.7654476670870114","0.7654476670870114","0.68","0.68","0.68","0.486","0.486","0.486"
"415","0.752","0.752","0.752","0.7667087011349306","0.7667087011349306","0.7667087011349306","0.65","0.65","0.65","0.472","0.472","0.472"
"416","0.764","0.764","0.764","0.7679697351828499","0.7679697351828499","0.7679697351828499","0.656","0.656","0.656","0.474","0.474","0.474"
"417","0.75","0.75","0.75","0.755359394703657","0.755359394703657","0.755359394703657","0.686","0.686","0.686","0.486","0.486","0.486"
"418","0.742","0.742","0.742","0.7528373266078184","0.7528373266078184","0.7528373266078184","0.656","0.656","0.656","0.464","0.464","0.464"
"419","0.772","0.772","0.772","0.7616645649432535","0.7616645649432535","0.7616645649432535","0.67","0.67","0.67","0.474","0.474","0.474"
"420","0.772","0.772","0.772","0.7604035308953342","0.7604035308953342","0.7604035308953342","0.646","0.646","0.646","0.48","0.48","0.48"
"421","0.76","0.76","0.76","0.7566204287515763","0.7566204287515763","0.7566204287515763","0.652","0.652","0.652","0.464","0.464","0.464"
"422","0.748","0.748","0.748","0.7654476670870114","0.7654476670870114","0.7654476670870114","0.648","0.648","0.648","0.484","0.484","0.484"
"423","0.748","0.748","0.748","0.755359394703657","0.755359394703657","0.755359394703657","0.65","0.65","0.65","0.5","0.5","0.5"
"424","0.75","0.75","0.75","0.7667087011349306","0.7667087011349306","0.7667087011349306","0.678","0.678","0.678","0.476","0.476","0.476"
"425","0.76","0.76","0.76","0.7654476670870114","0.7654476670870114","0.7654476670870114","0.674","0.674","0.674","0.46","0.46","0.46"
"426","0.746","0.746","0.746","0.7604035308953342","0.7604035308953342","0.7604035308953342","0.656","0.656","0.656","0.448","0.448","0.448"
"427","0.766","0.766","0.766","0.7742749054224464","0.7742749054224464","0.7742749054224464","0.64","0.64","0.64","0.436","0.436","0.436"
"428","0.76","0.76","0.76","0.7515762925598991","0.7515762925598991","0.7515762925598991","0.66","0.66","0.66","0.436","0.436","0.436"
"429","0.734","0.734","0.734","0.7566204287515763","0.7566204287515763","0.7566204287515763","0.642","0.642","0.642","0.484","0.484","0.484"
"430","0.756","0.756","0.756","0.7604035308953342","0.7604035308953342","0.7604035308953342","0.668","0.668","0.668","0.452","0.452","0.452"
"431","0.748","0.748","0.748","0.7566204287515763","0.7566204287515763","0.7566204287515763","0.632","0.632","0.632","0.45","0.45","0.45"
"432","0.764","0.764","0.764","0.7591424968474149","0.7591424968474149","0.7591424968474149","0.688","0.688","0.688","0.462","0.462","0.462"
"433","0.768","0.768","0.768","0.7629255989911727","0.7629255989911727","0.7629255989911727","0.676","0.676","0.676","0.466","0.466","0.466"
"434","0.76","0.76","0.76","0.7629255989911727","0.7629255989911727","0.7629255989911727","0.642","0.642","0.642","0.434","0.434","0.434"
"435","0.76","0.76","0.76","0.7717528373266078","0.7717528373266078","0.7717528373266078","0.65","0.65","0.65","0.476","0.476","0.476"
"436","0.752","0.752","0.752","0.7528373266078184","0.7528373266078184","0.7528373266078184","0.66","0.66","0.66","0.444","0.444","0.444"
"437","0.736","0.736","0.736","0.7641866330390921","0.7641866330390921","0.7641866330390921","0.642","0.642","0.642","0.508","0.508","0.508"
"438","0.746","0.746","0.746","0.7692307692307693","0.7692307692307693","0.7692307692307693","0.66","0.66","0.66","0.464","0.464","0.464"
"439","0.764","0.764","0.764","0.7654476670870114","0.7654476670870114","0.7654476670870114","0.656","0.656","0.656","0.472","0.472","0.472"
"440","0.764","0.764","0.764","0.7692307692307693","0.7692307692307693","0.7692307692307693","0.678","0.678","0.678","0.468","0.468","0.468"
"441","0.754","0.754","0.754","0.7692307692307693","0.7692307692307693","0.7692307692307693","0.644","0.644","0.644","0.48","0.48","0.48"
"442","0.76","0.76","0.76","0.7717528373266078","0.7717528373266078","0.7717528373266078","0.632","0.632","0.632","0.49","0.49","0.49"
"443","0.756","0.756","0.756","0.7591424968474149","0.7591424968474149","0.7591424968474149","0.658","0.658","0.658","0.49","0.49","0.49"
"444","0.766","0.766","0.766","0.7793190416141236","0.7793190416141236","0.7793190416141236","0.662","0.662","0.662","0.502","0.502","0.502"
"445","0.752","0.752","0.752","0.7755359394703657","0.7755359394703657","0.7755359394703657","0.648","0.648","0.648","0.472","0.472","0.472"
"446","0.762","0.762","0.762","0.755359394703657","0.755359394703657","0.755359394703657","0.646","0.646","0.646","0.486","0.486","0.486"
"447","0.744","0.744","0.744","0.7440100882723834","0.7440100882723834","0.7440100882723834","0.636","0.636","0.636","0.462","0.462","0.462"
"448","0.742","0.742","0.742","0.7591424968474149","0.7591424968474149","0.7591424968474149","0.63","0.63","0.63","0.464","0.464","0.464"
"449","0.756","0.756","0.756","0.7704918032786885","0.7704918032786885","0.7704918032786885","0.65","0.65","0.65","0.468","0.468","0.468"
"450","0.76","0.76","0.76","0.7780580075662042","0.7780580075662042","0.7780580075662042","0.616","0.616","0.616","0.448","0.448","0.448"
"451","0.762","0.762","0.762","0.7616645649432535","0.7616645649432535","0.7616645649432535","0.642","0.642","0.642","0.47","0.47","0.47"
"452","0.758","0.758","0.758","0.7641866330390921","0.7641866330390921","0.7641866330390921","0.65","0.65","0.65","0.48","0.48","0.48"
"453","0.754","0.754","0.754","0.7692307692307693","0.7692307692307693","0.7692307692307693","0.65","0.65","0.65","0.452","0.452","0.452"
"454","0.734","0.734","0.734","0.7717528373266078","0.7717528373266078","0.7717528373266078","0.642","0.642","0.642","0.466","0.466","0.466"
"455","0.76","0.76","0.76","0.7692307692307693","0.7692307692307693","0.7692307692307693","0.638","0.638","0.638","0.458","0.458","0.458"
"456","0.762","0.762","0.762","0.7742749054224464","0.7742749054224464","0.7742749054224464","0.646","0.646","0.646","0.504","0.504","0.504"
"457","0.752","0.752","0.752","0.7490542244640606","0.7490542244640606","0.7490542244640606","0.652","0.652","0.652","0.492","0.492","0.492"
"458","0.758","0.758","0.758","0.7477931904161412","0.7477931904161412","0.7477931904161412","0.66","0.66","0.66","0.49","0.49","0.49"
"459","0.75","0.75","0.75","0.7604035308953342","0.7604035308953342","0.7604035308953342","0.638","0.638","0.638","0.492","0.492","0.492"
"460","0.736","0.736","0.736","0.7667087011349306","0.7667087011349306","0.7667087011349306","0.674","0.674","0.674","0.474","0.474","0.474"
"461","0.756","0.756","0.756","0.7503152585119798","0.7503152585119798","0.7503152585119798","0.666","0.666","0.666","0.474","0.474","0.474"
"462","0.756","0.756","0.756","0.7641866330390921","0.7641866330390921","0.7641866330390921","0.65","0.65","0.65","0.478","0.478","0.478"
"463","0.756","0.756","0.756","0.7641866330390921","0.7641866330390921","0.7641866330390921","0.632","0.632","0.632","0.478","0.478","0.478"
"464","0.75","0.75","0.75","0.7805800756620429","0.7805800756620429","0.7805800756620429","0.632","0.632","0.632","0.452","0.452","0.452"
"465","0.746","0.746","0.746","0.7490542244640606","0.7490542244640606","0.7490542244640606","0.608","0.608","0.608","0.468","0.468","0.468"
"466","0.744","0.744","0.744","0.7490542244640606","0.7490542244640606","0.7490542244640606","0.642","0.642","0.642","0.452","0.452","0.452"
"467","0.764","0.764","0.764","0.7641866330390921","0.7641866330390921","0.7641866330390921","0.65","0.65","0.65","0.486","0.486","0.486"
"468","0.756","0.756","0.756","0.7654476670870114","0.7654476670870114","0.7654476670870114","0.642","0.642","0.642","0.468","0.468","0.468"
"469","0.752","0.752","0.752","0.7591424968474149","0.7591424968474149","0.7591424968474149","0.672","0.672","0.672","0.448","0.448","0.448"
"470","0.75","0.75","0.75","0.776796973518285","0.776796973518285","0.776796973518285","0.646","0.646","0.646","0.452","0.452","0.452"
"471","0.766","0.766","0.766","0.7629255989911727","0.7629255989911727","0.7629255989911727","0.67","0.67","0.67","0.446","0.446","0.446"
"472","0.76","0.76","0.76","0.7490542244640606","0.7490542244640606","0.7490542244640606","0.67","0.67","0.67","0.44","0.44","0.44"
"473","0.762","0.762","0.762","0.7578814627994955","0.7578814627994955","0.7578814627994955","0.664","0.664","0.664","0.46","0.46","0.46"
"474","0.752","0.752","0.752","0.7402269861286255","0.7402269861286255","0.7402269861286255","0.654","0.654","0.654","0.49","0.49","0.49"
"475","0.746","0.746","0.746","0.7465321563682219","0.7465321563682219","0.7465321563682219","0.67","0.67","0.67","0.456","0.456","0.456"
"476","0.768","0.768","0.768","0.7477931904161412","0.7477931904161412","0.7477931904161412","0.652","0.652","0.652","0.466","0.466","0.466"
"477","0.768","0.768","0.768","0.7641866330390921","0.7641866330390921","0.7641866330390921","0.676","0.676","0.676","0.456","0.456","0.456"
"478","0.744","0.744","0.744","0.7692307692307693","0.7692307692307693","0.7692307692307693","0.654","0.654","0.654","0.438","0.438","0.438"
"479","0.764","0.764","0.764","0.7490542244640606","0.7490542244640606","0.7490542244640606","0.652","0.652","0.652","0.44","0.44","0.44"
"480","0.782","0.782","0.782","0.776796973518285","0.776796973518285","0.776796973518285","0.678","0.678","0.678","0.422","0.422","0.422"
"481","0.762","0.762","0.762","0.7490542244640606","0.7490542244640606","0.7490542244640606","0.664","0.664","0.664","0.444","0.444","0.444"
"482","0.746","0.746","0.746","0.7717528373266078","0.7717528373266078","0.7717528373266078","0.662","0.662","0.662","0.444","0.444","0.444"
"483","0.774","0.774","0.774","0.7780580075662042","0.7780580075662042","0.7780580075662042","0.66","0.66","0.66","0.464","0.464","0.464"
"484","0.756","0.756","0.756","0.7679697351828499","0.7679697351828499","0.7679697351828499","0.666","0.666","0.666","0.46","0.46","0.46"
"485","0.752","0.752","0.752","0.7755359394703657","0.7755359394703657","0.7755359394703657","0.644","0.644","0.644","0.478","0.478","0.478"
"486","0.738","0.738","0.738","0.7667087011349306","0.7667087011349306","0.7667087011349306","0.672","0.672","0.672","0.49","0.49","0.49"
"487","0.756","0.756","0.756","0.7528373266078184","0.7528373266078184","0.7528373266078184","0.646","0.646","0.646","0.502","0.502","0.502"
"488","0.742","0.742","0.742","0.755359394703657","0.755359394703657","0.755359394703657","0.622","0.622","0.622","0.476","0.476","0.476"
"489","0.76","0.76","0.76","0.7591424968474149","0.7591424968474149","0.7591424968474149","0.668","0.668","0.668","0.468","0.468","0.468"
"490","0.736","0.736","0.736","0.7692307692307693","0.7692307692307693","0.7692307692307693","0.674","0.674","0.674","0.474","0.474","0.474"
"491","0.744","0.744","0.744","0.7755359394703657","0.7755359394703657","0.7755359394703657","0.658","0.658","0.658","0.454","0.454","0.454"
"492","0.766","0.766","0.766","0.7780580075662042","0.7780580075662042","0.7780580075662042","0.616","0.616","0.616","0.448","0.448","0.448"
"493","0.764","0.764","0.764","0.7578814627994955","0.7578814627994955","0.7578814627994955","0.636","0.636","0.636","0.468","0.468","0.468"
"494","0.756","0.756","0.756","0.7477931904161412","0.7477931904161412","0.7477931904161412","0.658","0.658","0.658","0.462","0.462","0.462"
"495","0.758","0.758","0.758","0.7566204287515763","0.7566204287515763","0.7566204287515763","0.666","0.666","0.666","0.472","0.472","0.472"
"496","0.782","0.782","0.782","0.7805800756620429","0.7805800756620429","0.7805800756620429","0.636","0.636","0.636","0.466","0.466","0.466"
"497","0.772","0.772","0.772","0.7490542244640606","0.7490542244640606","0.7490542244640606","0.654","0.654","0.654","0.48","0.48","0.48"
"498","0.748","0.748","0.748","0.7692307692307693","0.7692307692307693","0.7692307692307693","0.648","0.648","0.648","0.474","0.474","0.474"
"499","0.768","0.768","0.768","0.776796973518285","0.776796973518285","0.776796973518285","0.68","0.68","0.68","0.476","0.476","0.476"